15923,OTH
60133,OTH
83681,IND
65507,IND
34263,OTH
49139,IND
58995,IND
88490,OTH
46444,IND
60587,IND
44546,GRP
51628,GRP
40110,GRP
15998,IND
96457,GRP
70841,IND
46139,GRP
40386,GRP
98916,GRP
32190,GRP
27550,IND
24040,GRP
73516,OTH
88905,OTH
42112,IND
37740,IND
72405,GRP
47445,GRP
27158,OTH
17183,IND
42325,GRP
15180,OTH
58026,IND
81352,IND
33133,IND
91036,GRP
22882,OTH
40842,IND
73612,IND
15815,GRP
24049,IND
79204,IND
46229,OTH
34669,OTH
34575,OTH
20357,IND
52445,GRP
10991,OTH
57135,GRP
72369,OTH
42192,OTH
43587,GRP
41553,OTH
62986,GRP
70051,GRP
73642,IND
11645,GRP
72274,GRP
21524,IND
84579,OTH
59519,OTH
51386,IND
10918,OTH
57541,OTH
25125,OTH
61295,OTH
53351,GRP
25463,GRP
85613,OTH
85886,OTH
54621,IND
80397,GRP
67926,GRP
41588,GRP
51948,IND
28196,GRP
50376,OTH
45304,OTH
27228,GRP
57326,OTH
88221,IND
97610,IND
63048,IND
30075,IND
60466,OTH
25685,IND
16333,GRP
78417,IND
51525,IND
84550,IND
23530,OTH
57284,GRP
59700,GRP
13433,IND
80197,GRP
79309,GRP
47696,OTH
55633,IND
87934,OTH
27455,GRP
83466,OTH
48657,IND
86611,GRP
12193,OTH
63985,OTH
20522,GRP
70324,IND
89329,OTH
11100,GRP
83240,OTH
81890,GRP
72037,OTH
94607,OTH
72531,OTH
98575,IND
58342,IND
39429,IND
18786,IND
67049,IND
98216,GRP
37649,IND
59751,OTH
92215,GRP
22311,GRP
75125,IND
21354,IND
22594,GRP
33394,IND
56513,GRP
59691,IND
41997,IND
56637,IND
97410,IND
77746,IND
17704,OTH
61674,GRP
39860,IND
79934,IND
55048,OTH
76833,OTH
55832,OTH
32056,IND
67841,IND
94427,GRP
96594,OTH
62689,OTH
35968,OTH
14516,IND
15866,GRP
57185,IND
91430,GRP
29203,OTH
27913,IND
46410,IND
16856,OTH
89200,IND
45269,GRP
15437,OTH
91472,OTH
98531,GRP
98685,GRP
31665,GRP
38732,GRP
46983,GRP
22067,OTH
79756,IND
99563,OTH
23542,OTH
83416,OTH
67418,IND
58632,IND
35612,IND
96905,IND
79778,IND
90328,IND
71350,IND
43782,OTH
58287,IND
32061,IND
63129,OTH
74797,OTH
25177,OTH
87428,IND
39400,GRP
88745,IND
70443,GRP
90327,IND
65545,OTH
58543,GRP
79222,GRP
72401,IND
31354,GRP
29008,IND
41590,IND
72523,GRP
14640,OTH
74909,OTH
96397,OTH
34030,IND
29113,OTH
11286,IND
41821,IND
76379,OTH
52080,OTH
51762,IND
71592,IND
78688,OTH
76135,GRP
30778,IND
22569,GRP
48938,GRP
41438,IND
73439,GRP
