15923,GRP
60133,GRP
83681,IND
65507,IND
34263,GRP
49139,GRP
58995,IND
88490,GRP
46444,OTH
60587,IND
44546,GRP
51628,OTH
40110,GRP
15998,GRP
96457,GRP
70841,IND
46139,GRP
40386,GRP
98916,GRP
32190,IND
27550,GRP
24040,GRP
73516,OTH
88905,OTH
42112,OTH
37740,IND
72405,GRP
47445,GRP
27158,OTH
17183,IND
42325,OTH
15180,OTH
58026,OTH
81352,OTH
33133,IND
91036,GRP
22882,OTH
40842,IND
73612,IND
15815,GRP
24049,IND
79204,GRP
46229,GRP
34669,GRP
34575,GRP
20357,IND
52445,GRP
10991,OTH
57135,OTH
72369,GRP
42192,OTH
43587,OTH
41553,OTH
62986,GRP
70051,GRP
73642,IND
11645,GRP
72274,GRP
21524,IND
84579,OTH
59519,OTH
51386,OTH
10918,GRP
57541,OTH
25125,OTH
61295,OTH
53351,OTH
25463,GRP
85613,GRP
85886,GRP
54621,IND
80397,GRP
67926,GRP
41588,GRP
51948,IND
28196,GRP
50376,IND
45304,OTH
27228,GRP
57326,GRP
88221,GRP
97610,IND
63048,IND
30075,IND
60466,GRP
25685,IND
16333,GRP
78417,OTH
51525,IND
84550,IND
23530,GRP
57284,GRP
59700,IND
13433,OTH
80197,GRP
79309,GRP
47696,GRP
55633,OTH
87934,GRP
27455,GRP
83466,OTH
48657,IND
86611,GRP
12193,GRP
63985,OTH
20522,GRP
70324,OTH
89329,GRP
11100,GRP
83240,GRP
81890,GRP
72037,OTH
94607,OTH
72531,GRP
98575,GRP
58342,IND
39429,OTH
18786,OTH
67049,OTH
98216,GRP
37649,IND
59751,OTH
92215,GRP
22311,GRP
75125,IND
21354,OTH
22594,GRP
33394,IND
56513,OTH
59691,GRP
41997,IND
56637,OTH
97410,OTH
77746,IND
17704,GRP
61674,GRP
39860,IND
79934,IND
55048,OTH
76833,GRP
55832,GRP
32056,IND
67841,IND
94427,GRP
96594,IND
62689,OTH
35968,IND
14516,OTH
15866,GRP
57185,IND
91430,GRP
29203,OTH
27913,IND
46410,IND
16856,OTH
89200,IND
45269,GRP
15437,GRP
91472,OTH
98531,GRP
98685,OTH
31665,GRP
38732,GRP
46983,OTH
22067,GRP
79756,OTH
99563,GRP
23542,OTH
83416,OTH
67418,OTH
58632,IND
35612,IND
96905,OTH
79778,IND
90328,IND
71350,IND
43782,GRP
58287,IND
32061,IND
63129,GRP
74797,OTH
25177,OTH
87428,IND
39400,GRP
88745,OTH
70443,GRP
90327,IND
65545,GRP
58543,GRP
79222,GRP
72401,GRP
31354,IND
29008,OTH
41590,IND
72523,GRP
14640,GRP
74909,OTH
96397,GRP
34030,IND
29113,OTH
11286,IND
41821,IND
76379,GRP
52080,GRP
51762,OTH
71592,IND
78688,GRP
76135,GRP
30778,OTH
22569,GRP
48938,GRP
41438,IND
73439,GRP
